{
  "config": {
    "run_name": "exp1_1_L8_K32",
    "out_dir": "./results",
    "seed": 1930247009,
    "device": null,
    "bs_train": 50,
    "bs_test": 12,
    "batches": 10,
    "epochs": 100,
    "early_stopping": 5,
    "checkpoints": null,
    "lr": 0.001,
    "reg": 0.001,
    "filters_per_layer": [
      32
    ],
    "pool_every": 4,
    "hidden_dims": [
      100
    ],
    "model_type": "cnn",
    "kw": {},
    "layers_per_block": 8
  },
  "results": {
    "num_epochs": 0,
    "train_loss": [
      2.1984816848754885,
      1.6583972661972046,
      1.3684035016417504,
      1.1870056246757508,
      1.0730375421822071,
      1.0015869933664798,
      0.9501625401049852,
      0.909722449888289,
      0.8789552958965301,
      0.8528719849273563,
      0.827543060001731,
      0.809023563991487,
      0.7917037729501725,
      0.7763076884567738,
      0.7618116344705224,
      0.7493403935879469,
      0.7386818222999573,
      0.7296373164474964,
      0.7205889787964522,
      0.7119482649136335,
      0.7042507201299071,
      0.6944325404882431,
      0.6873041618570686,
      0.6812412000168115,
      0.6772658410064876,
      0.6668568878281862,
      0.6621525780878961
    ],
    "train_acc": [
      18.754,
      39.98,
      50.618,
      57.592,
      62.138,
      64.618,
      66.468,
      68.03,
      69.308,
      70.116,
      70.96,
      71.682,
      72.362,
      72.96,
      73.242,
      73.732,
      74.146,
      74.616,
      74.916,
      75.172,
      75.476,
      75.7,
      75.946,
      76.218,
      76.452,
      76.508,
      76.862
    ],
    "test_loss": [
      1.9220428690910338,
      1.4542529965043067,
      1.2359953109025956,
      1.1068143665492534,
      1.0383911249339581,
      1.0120870490968228,
      0.9743589379191399,
      0.9855325027406215,
      0.9772256902381777,
      0.9943691646754742,
      1.0267187813669443,
      0.9917140426039696,
      1.030096370100975,
      1.002499263226986,
      0.9831862985193729,
      1.0016328080818058,
      0.9740318858847022,
      0.9931765407621861,
      0.9964557532817125,
      0.9961742624044418,
      1.0055570496618749,
      0.9727051952183247,
      1.0235884375609456,
      1.015270459394902,
      0.9922120206616819,
      0.9758068111017346,
      0.9519534836560488
    ],
    "test_acc": [
      29.31,
      47.36,
      55.48,
      60.99,
      63.7,
      64.6,
      66.02,
      66.42,
      66.62,
      65.91,
      65.65,
      66.51,
      65.31,
      66.88,
      67.61,
      66.54,
      67.32,
      67.41,
      67.37,
      68.05,
      67.95,
      68.53,
      67.37,
      67.84,
      68.18,
      68.38,
      68.47
    ]
  }
}