{
  "config": {
    "run_name": "exp1_2_L8_K256",
    "out_dir": "./results",
    "seed": 1419789103,
    "device": null,
    "bs_train": 50,
    "bs_test": 12,
    "batches": 10,
    "epochs": 100,
    "early_stopping": 5,
    "checkpoints": null,
    "lr": 0.001,
    "reg": 0.001,
    "filters_per_layer": [
      256
    ],
    "pool_every": 4,
    "hidden_dims": [
      100
    ],
    "model_type": "cnn",
    "kw": {},
    "layers_per_block": 8
  },
  "results": {
    "num_epochs": 0,
    "train_loss": [
      24701.436267399407,
      888.3577525978088,
      21718.21444539845,
      70508.60164145837,
      1862166.918912413,
      3821307.1115646507,
      145847.05811264153,
      118084888848.28235
    ],
    "train_acc": [
      13.686,
      17.962,
      18.276,
      17.04,
      14.886,
      13.808,
      13.174,
      12.658
    ],
    "test_loss": [
      2.501044226169586,
      2.29565624833107,
      2.3131624685525893,
      2.211792724132538,
      450.0769612731934,
      3662.8054576416016,
      13108.033278076171,
      659.7610069885254
    ],
    "test_acc": [
      9.98,
      13.61,
      17.35,
      16.06,
      13.42,
      12.61,
      12.85,
      13.03
    ]
  }
}