{
  "config": {
    "run_name": "exp1_2_L8_K32",
    "out_dir": "./results",
    "seed": 819868443,
    "device": null,
    "bs_train": 50,
    "bs_test": 12,
    "batches": 10,
    "epochs": 100,
    "early_stopping": 5,
    "checkpoints": null,
    "lr": 0.001,
    "reg": 0.001,
    "filters_per_layer": [
      32
    ],
    "pool_every": 4,
    "hidden_dims": [
      100
    ],
    "model_type": "cnn",
    "kw": {},
    "layers_per_block": 8
  },
  "results": {
    "num_epochs": 0,
    "train_loss": [
      2.325210815191269,
      2.3205079839229583,
      2.337607209825516,
      2.307927916765213,
      2.3035037418842315,
      2.3032898354053497
    ],
    "train_acc": [
      9.808,
      9.67,
      9.624,
      9.548,
      9.666,
      9.712
    ],
    "test_loss": [
      2.3028054895401002,
      2.3029360337257385,
      2.302849004030228,
      2.302792334318161,
      2.3028005170822143,
      2.302860983848572
    ],
    "test_acc": [
      10.0,
      10.0,
      10.0,
      10.0,
      10.0,
      10.0
    ]
  }
}