{
  "config": {
    "run_name": "exp1_1_L16_K64",
    "out_dir": "./results",
    "seed": 1276053846,
    "device": null,
    "bs_train": 50,
    "bs_test": 12,
    "batches": 10,
    "epochs": 100,
    "early_stopping": 5,
    "checkpoints": null,
    "lr": 0.001,
    "reg": 0.001,
    "filters_per_layer": [
      64
    ],
    "pool_every": 4,
    "hidden_dims": [
      100
    ],
    "model_type": "cnn",
    "kw": {},
    "layers_per_block": 16
  },
  "results": {
    "num_epochs": 0,
    "train_loss": [
      2.3035473340988157,
      2.3380778425693514,
      2.3030921248912812,
      2.308406644153595,
      2.3049774774074554,
      2.303353459405899
    ],
    "train_acc": [
      9.688,
      9.522,
      9.57,
      9.608,
      9.616,
      9.608
    ],
    "test_loss": [
      2.302825868368149,
      2.3027554020881653,
      2.3027967312335966,
      2.3028408977985384,
      2.302800401926041,
      2.3028846497535707
    ],
    "test_acc": [
      10.0,
      10.0,
      10.0,
      10.0,
      10.0,
      10.0
    ]
  }
}