{
  "config": {
    "run_name": "exp1_2_L2_K64",
    "out_dir": "./results",
    "seed": 2053335970,
    "device": null,
    "bs_train": 50,
    "bs_test": 12,
    "batches": 10,
    "epochs": 100,
    "early_stopping": 5,
    "checkpoints": null,
    "lr": 0.001,
    "reg": 0.001,
    "filters_per_layer": [
      64
    ],
    "pool_every": 4,
    "hidden_dims": [
      100
    ],
    "model_type": "cnn",
    "kw": {},
    "layers_per_block": 2
  },
  "results": {
    "num_epochs": 0,
    "train_loss": [
      1.486170728391409,
      1.2020693694412707,
      1.1093368649333715,
      1.0555753396719694,
      1.0185473203897477,
      0.9894862463116646,
      0.9623808487445116,
      0.9453246293514967,
      0.9168935162484646,
      0.8976759493231773,
      0.8801112234532833,
      0.8634760995417833,
      0.8458246455579996,
      0.8358034230291843,
      0.820381056663394,
      0.8123978611722589,
      0.7988832382798194,
      0.7839418685927987,
      0.7776994828239083,
      0.7741437445357442,
      0.7588339216992259,
      0.7508233107566834,
      0.741718126757443,
      0.7367697033390402
    ],
    "train_acc": [
      47.856,
      57.368,
      60.59,
      62.528,
      63.852,
      64.954,
      66.06,
      66.7,
      67.728,
      68.466,
      69.202,
      69.67,
      70.328,
      70.992,
      71.338,
      71.95,
      72.194,
      72.82,
      73.016,
      73.314,
      73.532,
      73.898,
      74.098,
      74.32
    ],
    "test_loss": [
      1.3080727485716344,
      1.3349227416813374,
      1.1164433131217957,
      1.10762492954731,
      1.1720629449486732,
      1.0604882795661688,
      1.091751658156514,
      1.0832613476216792,
      1.0656400538757445,
      1.0875106577426195,
      1.0820313152521848,
      1.0693843487650156,
      1.2301438959240913,
      1.0818856109380721,
      1.072923406302929,
      1.1083818603605031,
      1.081152338668704,
      1.0670029127448797,
      1.057864928752184,
      1.0882409140467644,
      1.119725519619882,
      1.1033662655204535,
      1.1250315600931644,
      1.132131738305092
    ],
    "test_acc": [
      53.35,
      53.09,
      59.74,
      60.69,
      58.57,
      62.62,
      61.73,
      61.92,
      62.73,
      62.54,
      62.97,
      62.77,
      58.43,
      63.05,
      63.59,
      62.59,
      63.55,
      63.64,
      63.94,
      63.41,
      62.41,
      63.15,
      62.6,
      62.59
    ]
  }
}