{
  "config": {
    "run_name": "exp1_2_L2_K256",
    "out_dir": "./results",
    "seed": 15918391,
    "device": null,
    "bs_train": 50,
    "bs_test": 12,
    "batches": 10,
    "epochs": 100,
    "early_stopping": 5,
    "checkpoints": null,
    "lr": 0.001,
    "reg": 0.001,
    "filters_per_layer": [
      256
    ],
    "pool_every": 4,
    "hidden_dims": [
      100
    ],
    "model_type": "cnn",
    "kw": {},
    "layers_per_block": 2
  },
  "results": {
    "num_epochs": 0,
    "train_loss": [
      2.061860775500536,
      1.2913253658652306,
      1.2325218193113805,
      1.1872943334132433,
      1.1708841037005187,
      1.0838061975717546,
      1.1434049281567336,
      1.2314544938147067,
      1.313486088770628,
      1.0449019062757492,
      1.320380713954568,
      1.0917018151909113,
      1.2180226933836937,
      1.1532531143546105
    ],
    "train_acc": [
      44.482,
      55.444,
      58.908,
      60.852,
      62.112,
      63.228,
      64.122,
      64.26,
      64.8,
      65.31,
      65.012,
      65.618,
      65.812,
      66.122
    ],
    "test_loss": [
      1.353617540717125,
      1.2150237761735916,
      1.161124588817358,
      1.1675243831574917,
      1.1055384691357613,
      1.0585527729541064,
      1.0741965088844299,
      1.1721743289530278,
      1.0435486213862897,
      1.1145772102326155,
      1.1174922040253878,
      1.0557013328671456,
      1.0571774731725454,
      1.0991295986175538
    ],
    "test_acc": [
      53.06,
      57.04,
      58.35,
      58.86,
      61.28,
      63.05,
      62.77,
      60.03,
      63.96,
      61.53,
      62.14,
      63.58,
      63.27,
      62.53
    ]
  }
}