{
  "config": {
    "run_name": "exp1_2_L2_K128",
    "out_dir": "./results",
    "seed": 1534923777,
    "device": null,
    "bs_train": 50,
    "bs_test": 12,
    "batches": 10,
    "epochs": 100,
    "early_stopping": 5,
    "checkpoints": null,
    "lr": 0.001,
    "reg": 0.001,
    "filters_per_layer": [
      128
    ],
    "pool_every": 4,
    "hidden_dims": [
      100
    ],
    "model_type": "cnn",
    "kw": {},
    "layers_per_block": 2
  },
  "results": {
    "num_epochs": 0,
    "train_loss": [
      1.6673712234377862,
      1.2258493054270745,
      1.132955360108614,
      1.0947274194419383,
      1.04006854006052,
      1.0844536899328232,
      1.0240375015944243,
      0.9868708849817515,
      0.9509955709576606,
      0.9445297450125217,
      0.923121070921421,
      0.9342943717211485,
      0.9047791188120842,
      0.9020773286253214
    ],
    "train_acc": [
      45.938,
      56.348,
      59.714,
      61.878,
      63.332,
      64.27,
      65.266,
      65.998,
      66.896,
      67.094,
      67.55,
      68.08,
      68.566,
      68.832
    ],
    "test_loss": [
      1.2854498405754566,
      1.1869559746384621,
      1.1177025539278984,
      1.179679592460394,
      1.5951480847001076,
      1.049550417751074,
      1.876145766377449,
      1.068072215154767,
      1.033032975271344,
      1.1219893701821566,
      1.0305930285006761,
      1.0351488176584245,
      1.0623709361851215,
      1.0529224126785994
    ],
    "test_acc": [
      52.82,
      57.86,
      60.11,
      58.76,
      47.73,
      62.82,
      44.87,
      62.39,
      64.05,
      60.99,
      64.01,
      64.04,
      63.31,
      63.48
    ]
  }
}