{
  "config": {
    "run_name": "exp1_3_L2_K64-128-256",
    "out_dir": "./results",
    "seed": 674244306,
    "device": null,
    "bs_train": 50,
    "bs_test": 12,
    "batches": 10,
    "epochs": 100,
    "early_stopping": 5,
    "checkpoints": null,
    "lr": 0.001,
    "reg": 0.001,
    "filters_per_layer": [
      64,
      128,
      256
    ],
    "pool_every": 4,
    "hidden_dims": [
      100
    ],
    "model_type": "cnn",
    "kw": {},
    "layers_per_block": 2
  },
  "results": {
    "num_epochs": 0,
    "train_loss": [
      12.514809072422981,
      1.449665217065811,
      1.3059751760601996,
      3.593617170163989,
      2.2443256035774946,
      1.0112939648389816,
      0.9275576230794191,
      1.3464602000385524,
      0.944735783432424,
      2.653709659843147,
      0.9659949834212661,
      1.9479127646744252,
      4.566427556096017,
      1.3922133051410317,
      1.8806929296627641,
      1.239729219442606,
      1.6101887614481152,
      3.9637175935551525,
      0.925668757673353,
      17.418228249255566,
      1.4071166019201278,
      20.30374151447192,
      2.5321195200126616
    ],
    "train_acc": [
      31.926,
      48.26,
      56.568,
      58.652,
      62.986,
      65.274,
      67.524,
      67.116,
      68.576,
      67.932,
      69.764,
      67.928,
      70.2,
      70.536,
      71.44,
      71.546,
      70.986,
      72.086,
      72.18,
      65.18,
      67.618,
      71.428,
      71.28
    ],
    "test_loss": [
      1.6890510337948799,
      1.2708675116598607,
      1.078338030204177,
      1.0197270361185073,
      1.2116024502515792,
      0.92621389991045,
      0.891756170719862,
      0.9065202203392982,
      0.8914327220618725,
      0.9316873048394918,
      0.8911779741197825,
      0.8666570490151644,
      0.8656610835343599,
      0.8663725195080042,
      0.9361860521137715,
      0.9225561936944723,
      0.855000672750175,
      0.8369106061011553,
      0.9437311375290155,
      2.139560666680336,
      0.839093045964837,
      0.9505619619488717,
      0.8918225261420012
    ],
    "test_acc": [
      36.08,
      53.57,
      61.52,
      64.0,
      58.27,
      67.39,
      68.92,
      68.79,
      68.62,
      67.9,
      68.88,
      69.66,
      69.65,
      69.78,
      67.7,
      67.56,
      69.63,
      70.58,
      68.44,
      24.7,
      70.14,
      66.93,
      69.51
    ]
  }
}