{
  "config": {
    "run_name": "exp1_2_L8_K128",
    "out_dir": "./results",
    "seed": 699009361,
    "device": null,
    "bs_train": 50,
    "bs_test": 12,
    "batches": 10,
    "epochs": 100,
    "early_stopping": 5,
    "checkpoints": null,
    "lr": 0.001,
    "reg": 0.001,
    "filters_per_layer": [
      128
    ],
    "pool_every": 4,
    "hidden_dims": [
      100
    ],
    "model_type": "cnn",
    "kw": {},
    "layers_per_block": 8
  },
  "results": {
    "num_epochs": 0,
    "train_loss": [
      6.03982086404562,
      1.606517650949955,
      2.9527179957866667,
      1.3077937050759791,
      1.1329566618978977,
      1.3943649167597294,
      1.447168457968533,
      1.667443187944591,
      2.486141360260546,
      1.090730190807581,
      5.581125871823728,
      1.7202034924343228,
      15.83944799901992,
      2.389175567506254,
      3.1421667831897735,
      18.879972265850007,
      0.7906750775396824,
      1.0859557271122933,
      0.7665639257177711,
      0.7680296564824879,
      1.0772135771483182,
      0.8742221114598214,
      1.234563517639786,
      29.464382093399017,
      1.9776921590723098,
      1.170550244846195,
      3.11734963221699,
      1.724868046952784
    ],
    "train_acc": [
      26.49,
      43.904,
      51.674,
      56.452,
      60.056,
      61.596,
      64.292,
      65.39,
      66.184,
      67.762,
      63.738,
      68.056,
      67.42,
      70.38,
      71.034,
      70.746,
      72.332,
      72.424,
      73.104,
      73.568,
      73.53,
      73.61,
      74.312,
      64.464,
      70.886,
      72.374,
      73.702,
      74.766
    ],
    "test_loss": [
      1.6944004318118095,
      1.413615422964096,
      1.3223021631538867,
      1.1459964776337146,
      1.081761128410697,
      1.148671419352293,
      1.097619122326374,
      0.9951127724573016,
      1.0514556941539048,
      1.0497203575372696,
      0.954084149196744,
      1.014072843119502,
      0.960062280535698,
      0.9480042761452496,
      0.9196793798655272,
      0.946536363363266,
      0.8527486460804939,
      0.8830721969157458,
      0.8589662573710084,
      0.86752482432127,
      0.8653502566814423,
      0.8562083472311497,
      0.8342541880644858,
      1.82891149020195,
      0.85383800714463,
      0.8624305230528116,
      0.8530240803286433,
      1.4342108017802238
    ],
    "test_acc": [
      38.03,
      48.41,
      53.3,
      59.54,
      61.67,
      59.92,
      61.71,
      65.25,
      63.6,
      64.29,
      67.05,
      64.62,
      66.58,
      67.44,
      68.25,
      66.95,
      70.13,
      69.01,
      70.39,
      70.33,
      70.11,
      70.23,
      71.47,
      39.4,
      70.06,
      69.93,
      70.47,
      51.46
    ]
  }
}