{
  "config": {
    "run_name": "exp1_2_L2_K32",
    "out_dir": "./results",
    "seed": 166377844,
    "device": null,
    "bs_train": 50,
    "bs_test": 12,
    "batches": 10,
    "epochs": 100,
    "early_stopping": 5,
    "checkpoints": null,
    "lr": 0.001,
    "reg": 0.001,
    "filters_per_layer": [
      32
    ],
    "pool_every": 4,
    "hidden_dims": [
      100
    ],
    "model_type": "cnn",
    "kw": {},
    "layers_per_block": 2
  },
  "results": {
    "num_epochs": 0,
    "train_loss": [
      1.495318190896511,
      1.207811329036951,
      1.1057301401913167,
      1.042015289080143,
      1.0014162053853273,
      0.9700698639959097,
      0.9448103522062301,
      0.922615325576067,
      0.9033804085418582,
      0.8887178768888115,
      0.873480782109499,
      0.8576143024742603
    ],
    "train_acc": [
      46.424,
      57.012,
      60.884,
      63.278,
      64.75,
      65.97,
      66.842,
      67.676,
      68.48,
      69.05,
      69.506,
      70.232
    ],
    "test_loss": [
      1.2749060405790806,
      1.1041773909330368,
      1.0780489029288292,
      1.0535161305367946,
      1.0674108298271894,
      1.0451230484843255,
      1.0350430764704943,
      1.0989519696384669,
      1.0829497918784619,
      1.0790081945061685,
      1.0921652895212173,
      1.0785127134472132
    ],
    "test_acc": [
      53.95,
      61.06,
      61.55,
      62.71,
      62.46,
      63.25,
      63.57,
      61.56,
      62.16,
      62.37,
      62.38,
      62.84
    ]
  }
}