{
  "config": {
    "run_name": "exp1_4_L2_K64-128-256",
    "out_dir": "./results",
    "seed": 1486533080,
    "device": null,
    "bs_train": 50,
    "bs_test": 12,
    "batches": 10,
    "epochs": 100,
    "early_stopping": 5,
    "checkpoints": null,
    "lr": 0.001,
    "reg": 0.001,
    "filters_per_layer": [
      64,
      128,
      256
    ],
    "pool_every": 4,
    "hidden_dims": [
      100
    ],
    "model_type": "resnet",
    "kw": {},
    "layers_per_block": 2
  },
  "results": {
    "num_epochs": 0,
    "train_loss": [
      2.8796989745020865,
      1.3069162459373473,
      1.2229702884376048,
      1.055808081507683,
      0.9847614360928535,
      0.9368357603102923,
      0.9051536679238081,
      0.8725133811384439,
      0.8380021553605795,
      0.8297758589327335,
      0.8138012254491448,
      0.7822138669289649,
      0.7797269665718078,
      0.7593353180743754,
      0.7581492066778243,
      0.7252808598816395,
      0.7080648638427257,
      0.7002519612587988,
      0.6911318151999265,
      0.6959445603981614,
      0.67462111107409,
      0.7134729985427112,
      0.7268938755623996,
      0.6741507308408617,
      0.650379768267274
    ],
    "train_acc": [
      42.966,
      53.332,
      58.838,
      62.88,
      65.094,
      66.934,
      68.274,
      69.294,
      70.554,
      71.392,
      71.924,
      72.73,
      73.202,
      73.796,
      74.36,
      74.776,
      75.29,
      75.588,
      75.906,
      76.056,
      76.234,
      76.462,
      76.972,
      76.914,
      77.358
    ],
    "test_loss": [
      1.35149748057127,
      1.2235741326510907,
      1.0660643454641103,
      1.0617410880178213,
      0.9643151288330555,
      0.9314790673479438,
      0.9644245820641517,
      0.8907675229609012,
      1.354923277206719,
      0.8860050650835037,
      0.8813555967062712,
      0.8668007736280561,
      0.9262999761104583,
      0.8979313301667571,
      0.8948668513521552,
      0.8824137631207705,
      0.8497327346242964,
      0.8627657214105129,
      0.8348534660600125,
      0.8338138916790485,
      1.4184913374260069,
      0.857432487603277,
      1.0024393714740873,
      0.8678907292447984,
      0.8663720237091184
    ],
    "test_acc": [
      51.56,
      56.42,
      61.77,
      62.23,
      65.46,
      67.15,
      66.41,
      68.51,
      58.2,
      68.95,
      69.19,
      70.04,
      68.25,
      69.15,
      68.72,
      69.8,
      70.07,
      70.08,
      70.89,
      70.99,
      59.04,
      70.39,
      67.51,
      69.81,
      70.23
    ]
  }
}