{
  "config": {
    "run_name": "exp1_2_L4_K256",
    "out_dir": "./results",
    "seed": 1248422941,
    "device": null,
    "bs_train": 50,
    "bs_test": 12,
    "batches": 10,
    "epochs": 100,
    "early_stopping": 5,
    "checkpoints": null,
    "lr": 0.001,
    "reg": 0.001,
    "filters_per_layer": [
      256
    ],
    "pool_every": 4,
    "hidden_dims": [
      100
    ],
    "model_type": "cnn",
    "kw": {},
    "layers_per_block": 4
  },
  "results": {
    "num_epochs": 0,
    "train_loss": [
      25.98132265999317,
      3.2741671334922313,
      1.9013400542199612,
      2.8534074396669866,
      3.6451938283145426,
      3.434026020541787,
      5.456943798989058,
      13.836848526418208,
      5.4454282585382465,
      8.711416861689091,
      8.313811676585674
    ],
    "train_acc": [
      37.346,
      49.798,
      55.536,
      55.706,
      58.606,
      59.77,
      38.066,
      44.552,
      50.06,
      48.826,
      47.494
    ],
    "test_loss": [
      1.4107636148929596,
      1.276219242811203,
      1.2037396115958692,
      1.2037469668090344,
      1.230159500092268,
      1.1548953189849853,
      1.4934730454683305,
      2.0840707532167433,
      1.4693110120892525,
      1.6681128628253936,
      1.717140333265066
    ],
    "test_acc": [
      48.77,
      53.63,
      56.29,
      57.12,
      55.77,
      59.51,
      44.43,
      36.86,
      45.37,
      42.4,
      41.72
    ]
  }
}