{
  "config": {
    "run_name": "exp1_4_L16_K32",
    "out_dir": "./results",
    "seed": 1612244462,
    "device": null,
    "bs_train": 50,
    "bs_test": 12,
    "batches": 10,
    "epochs": 100,
    "early_stopping": 5,
    "checkpoints": null,
    "lr": 0.001,
    "reg": 0.001,
    "filters_per_layer": [
      32
    ],
    "pool_every": 8,
    "hidden_dims": [
      100
    ],
    "model_type": "resnet",
    "kw": {},
    "layers_per_block": 16
  },
  "results": {
    "num_epochs": 0,
    "train_loss": [
      1.7084228524923324,
      1.5650562351346016,
      1.4859573619127273,
      1.4495172528386115,
      1.4399386377453804,
      1.4093121977448464,
      1.389893704944849,
      1.3790097623109818,
      1.3588141903281212,
      1.3681733252108097,
      1.335787950217724,
      1.3347149872481823,
      1.3405433920025827,
      1.3194797078251839,
      1.3208190541565419,
      1.3227254283964633,
      1.313749466586113,
      1.3058763574779033,
      1.3012378945589065,
      1.298964097893238,
      1.2911052720665932,
      1.2906059213638306,
      1.311598992753029,
      1.2905995512425898,
      1.2847649927198888,
      1.2803453101634978,
      1.3077323342382907,
      1.2775571206212044,
      1.279856266361475
    ],
    "train_acc": [
      39.042,
      45.428,
      47.31,
      48.686,
      49.854,
      50.69,
      51.242,
      51.68,
      52.204,
      52.474,
      52.698,
      52.924,
      53.178,
      53.456,
      53.616,
      53.692,
      53.938,
      54.0,
      54.17,
      54.19,
      54.42,
      54.456,
      54.598,
      54.52,
      54.532,
      54.726,
      54.734,
      54.856,
      54.948
    ],
    "test_loss": [
      1.540950709581375,
      1.4669675098657609,
      1.4238160873651504,
      1.3959835250377655,
      1.3767356787919998,
      1.3613285703063012,
      1.3530121966004371,
      1.3463677129149436,
      1.3391921271681786,
      1.3316991109549998,
      1.3271167365908623,
      1.3225687604248524,
      1.3183093719482422,
      1.317501257121563,
      1.315451988697052,
      1.3064578655958177,
      1.3097768014073372,
      1.3153400090932845,
      1.305382619768381,
      1.3026032038033009,
      1.2998642222583294,
      1.2977989456355572,
      1.2996235324442387,
      1.2952942807674408,
      1.297902732282877,
      1.2997571467757225,
      1.2961958978176118,
      1.2994950357377528,
      1.294949695467949
    ],
    "test_acc": [
      45.72,
      48.04,
      49.94,
      50.72,
      51.34,
      51.53,
      51.53,
      52.12,
      52.19,
      52.44,
      52.74,
      52.63,
      53.24,
      53.34,
      53.55,
      53.39,
      53.32,
      53.06,
      53.46,
      53.64,
      53.67,
      53.56,
      53.69,
      53.88,
      53.67,
      53.78,
      53.6,
      53.61,
      53.76
    ]
  }
}