{
  "config": {
    "run_name": "exp1_2_L4_K128",
    "out_dir": "./results",
    "seed": 1049442825,
    "device": null,
    "bs_train": 50,
    "bs_test": 12,
    "batches": 10,
    "epochs": 100,
    "early_stopping": 5,
    "checkpoints": null,
    "lr": 0.001,
    "reg": 0.001,
    "filters_per_layer": [
      128
    ],
    "pool_every": 4,
    "hidden_dims": [
      100
    ],
    "model_type": "cnn",
    "kw": {},
    "layers_per_block": 4
  },
  "results": {
    "num_epochs": 0,
    "train_loss": [
      2.176269537138939,
      1.2328030404746533,
      1.0898441778510808,
      1.0053216835677623,
      0.9458408469617366,
      0.8940100812122226,
      0.86167675293535,
      0.8448950322829187,
      0.896735744342953,
      0.8168739464610815,
      0.8621916564099491,
      0.7604578240066767,
      0.7431177356682718,
      0.7517225642345846,
      0.8485821962848306,
      0.8770013271655888,
      0.7110621682941913
    ],
    "train_acc": [
      39.508,
      56.054,
      61.284,
      64.378,
      66.558,
      68.508,
      70.134,
      70.764,
      70.594,
      72.146,
      72.878,
      73.396,
      74.16,
      74.484,
      74.444,
      74.974,
      75.386
    ],
    "test_loss": [
      1.3832201541662217,
      1.113818189173937,
      1.024325677782297,
      0.9741426747739315,
      0.9399757897257804,
      0.9329104213491082,
      0.9079954599067569,
      0.89157740945369,
      0.940135179579258,
      0.9209117559492588,
      0.9567404526919127,
      0.8868173826262354,
      0.9531557208523155,
      0.9071366459950805,
      0.9765868271365762,
      1.4833190577626227,
      1.0920714589059353
    ],
    "test_acc": [
      49.56,
      59.66,
      63.48,
      65.28,
      66.67,
      67.16,
      67.91,
      68.53,
      67.7,
      67.97,
      67.69,
      69.36,
      67.9,
      69.0,
      66.99,
      56.26,
      65.56
    ]
  }
}