{
  "config": {
    "run_name": "exp1_1_L4_K64",
    "out_dir": "./results",
    "seed": 192940717,
    "device": null,
    "bs_train": 50,
    "bs_test": 12,
    "batches": 10,
    "epochs": 100,
    "early_stopping": 5,
    "checkpoints": null,
    "lr": 0.001,
    "reg": 0.001,
    "filters_per_layer": [
      64
    ],
    "pool_every": 4,
    "hidden_dims": [
      100
    ],
    "model_type": "cnn",
    "kw": {},
    "layers_per_block": 4
  },
  "results": {
    "num_epochs": 0,
    "train_loss": [
      1.53242423453331,
      1.155759317100048,
      1.0216067642480136,
      0.9479559762477875,
      0.8950291080519557,
      0.8568078918516636,
      0.8218592694491148,
      0.7942021227702498,
      0.7737357097551226,
      0.7511390019334853,
      0.7356477241367102,
      0.721067921039462,
      0.7070918766856193,
      0.6936821698248387,
      0.6842759850393981,
      0.6720018463082612
    ],
    "train_acc": [
      44.694,
      58.496,
      63.614,
      66.294,
      68.65,
      70.114,
      71.124,
      72.158,
      72.93,
      73.876,
      74.386,
      74.93,
      75.444,
      75.866,
      76.266,
      76.61
    ],
    "test_loss": [
      1.2055249365568161,
      1.0920060687959194,
      0.9966689455211163,
      0.9170713378041982,
      0.8987724802047015,
      0.9036930850744247,
      0.8894483901709318,
      1.015592192053795,
      0.9040356284230947,
      0.9127867150008678,
      0.898808395549655,
      1.0553383859395982,
      0.9292736835479737,
      0.9414495716243982,
      0.9997675220966339,
      0.9134688873589039
    ],
    "test_acc": [
      56.3,
      60.89,
      63.81,
      67.37,
      68.6,
      68.67,
      68.51,
      65.65,
      68.65,
      68.16,
      68.95,
      64.88,
      67.95,
      67.69,
      66.5,
      68.62
    ]
  }
}