{
  "config": {
    "run_name": "exp1_4_L32_K32",
    "out_dir": "./results",
    "seed": 838850574,
    "device": null,
    "bs_train": 50,
    "bs_test": 12,
    "batches": 10,
    "epochs": 100,
    "early_stopping": 5,
    "checkpoints": null,
    "lr": 0.001,
    "reg": 0.001,
    "filters_per_layer": [
      32
    ],
    "pool_every": 8,
    "hidden_dims": [
      100
    ],
    "model_type": "resnet",
    "kw": {},
    "layers_per_block": 32
  },
  "results": {
    "num_epochs": 0,
    "train_loss": [
      2.014092611145973,
      1.9122181087255479,
      1.875285428071022,
      1.8479888251304626,
      1.8313844282865523,
      1.826254392671585,
      1.80716192278862,
      1.796668462729454,
      1.7924306717634202,
      1.785986393404007,
      1.792775323843956,
      1.7758839248418807,
      1.7882860926389694,
      1.7698230328798294,
      1.8158085010766982,
      1.7884921110630034,
      1.7587454031705856,
      1.7581240639567375,
      1.7509671451807023,
      1.7465943427562713,
      1.750460049200058,
      1.7417775132536888,
      1.997038640987873,
      1.7409182484507562,
      1.7369044598817824,
      1.7325167922735214,
      1.7392051721215247,
      1.7301939326286315,
      1.749004231286049,
      1.725537090229988,
      1.7234412296414374,
      1.7237377472281457,
      1.7238243180274964,
      1.7209363249659537,
      1.7181177608251572,
      1.718164640724659,
      1.7165166201114654,
      1.7208134781479836,
      1.7528069568753242,
      1.7211827999949456,
      1.7113682914376258,
      1.7194781196713447,
      1.7126557048439979,
      1.7153941839933395,
      1.7167475766420364,
      1.7842462210059167,
      1.7328594685316085,
      1.7301712723731995,
      1.710064318215847,
      1.7097447671771049
    ],
    "train_acc": [
      26.172,
      30.478,
      31.942,
      32.742,
      33.218,
      33.736,
      34.16,
      34.616,
      34.89,
      35.1,
      35.236,
      35.468,
      35.584,
      35.714,
      35.888,
      36.05,
      36.196,
      36.162,
      36.356,
      36.558,
      36.596,
      36.708,
      36.806,
      36.818,
      36.798,
      36.95,
      36.926,
      37.02,
      37.18,
      37.148,
      37.15,
      37.226,
      37.326,
      37.34,
      37.372,
      37.498,
      37.462,
      37.604,
      37.622,
      37.68,
      37.71,
      37.846,
      37.786,
      37.878,
      37.826,
      37.828,
      37.918,
      37.802,
      37.912,
      38.038
    ],
    "test_loss": [
      1.9087030894756316,
      1.8574378345012665,
      1.8285913504362106,
      1.8103873083591462,
      1.798896098613739,
      1.7858675698041915,
      1.779049235343933,
      1.7708051654696464,
      1.7664073914289475,
      1.76218277746439,
      1.756964567899704,
      1.7544669765233993,
      1.7511025997400285,
      1.7478056322336197,
      1.7450209690332412,
      1.7422103313803672,
      1.7395247735977173,
      1.7397023890018464,
      1.7378512552976608,
      1.734144800722599,
      1.7315549520254134,
      1.7306813969612123,
      1.7299164296388627,
      1.7312106518745423,
      1.726912299990654,
      1.7242698559165002,
      1.7217482022047044,
      1.7203359850049018,
      1.7175283960103989,
      1.7204293783307076,
      1.7159216771125794,
      1.7141331330537797,
      1.7149030656814575,
      1.7146255708932876,
      1.7096053456068039,
      1.7101446870565415,
      1.7090316373705865,
      1.7094019063711166,
      1.7049724214673043,
      1.7060532888174058,
      1.7037531738877296,
      1.70307025796175,
      1.702411042571068,
      1.7035478903651238,
      1.7014761916399002,
      1.7003291867375374,
      1.6995142215490342,
      1.7019300701022149,
      1.6998636786937713,
      1.6967938760519028
    ],
    "test_acc": [
      30.2,
      31.82,
      33.36,
      34.13,
      34.44,
      35.68,
      35.91,
      36.11,
      36.2,
      36.39,
      36.5,
      36.72,
      36.9,
      37.03,
      37.14,
      37.33,
      37.32,
      37.22,
      37.53,
      37.74,
      37.8,
      37.73,
      37.86,
      37.66,
      37.89,
      37.88,
      38.25,
      38.2,
      38.55,
      38.18,
      38.47,
      38.61,
      38.63,
      38.49,
      38.48,
      38.68,
      38.5,
      38.66,
      38.73,
      38.88,
      38.8,
      38.78,
      38.83,
      38.78,
      38.98,
      38.92,
      38.84,
      38.76,
      38.97,
      38.91
    ]
  }
}