{
  "config": {
    "run_name": "exp1_2_L4_K32",
    "out_dir": "./results",
    "seed": 99190465,
    "device": null,
    "bs_train": 50,
    "bs_test": 12,
    "batches": 10,
    "epochs": 100,
    "early_stopping": 5,
    "checkpoints": null,
    "lr": 0.001,
    "reg": 0.001,
    "filters_per_layer": [
      32
    ],
    "pool_every": 4,
    "hidden_dims": [
      100
    ],
    "model_type": "cnn",
    "kw": {},
    "layers_per_block": 4
  },
  "results": {
    "num_epochs": 0,
    "train_loss": [
      1.5985354205608369,
      1.2335902384221553,
      1.0905550101220607,
      1.0097488163679837,
      0.9518038511857391,
      0.9099365719027818,
      0.8718363812208175,
      0.8417481458127498,
      0.8126999343402683,
      0.7882714443773031,
      0.7666063472785055,
      0.7467031856045127,
      0.7318736819058657,
      0.7144197845950723,
      0.6957454560883343,
      0.6843118498384952,
      0.6735545231275261,
      0.6614672641336918,
      0.6510356306008994,
      0.6378193479023874,
      0.6285242072969675
    ],
    "train_acc": [
      41.754,
      55.984,
      61.108,
      64.19,
      66.216,
      67.834,
      69.03,
      70.194,
      71.252,
      72.084,
      73.104,
      73.834,
      74.296,
      75.074,
      75.718,
      76.2,
      76.512,
      76.8,
      77.59,
      77.932,
      78.15
    ],
    "test_loss": [
      1.3356985724568367,
      1.1178625208139419,
      1.137324496179819,
      1.037899096056819,
      1.0100185546129943,
      0.9765131431072951,
      1.0080093826800585,
      0.9576098934262991,
      0.9457147593051195,
      0.9473144512549043,
      0.9664660835638642,
      0.9860741779506207,
      0.9333969098739326,
      0.930715858399868,
      0.9623712428174913,
      0.9317770066708326,
      0.9574075253158808,
      0.9744442547634244,
      0.9914108167216181,
      0.9981616283431649,
      0.9993376630470157
    ],
    "test_acc": [
      50.91,
      60.12,
      59.07,
      62.92,
      64.08,
      65.55,
      65.09,
      66.06,
      66.9,
      66.96,
      66.3,
      66.15,
      67.67,
      67.23,
      67.01,
      68.17,
      67.8,
      67.3,
      66.66,
      66.64,
      66.53
    ]
  }
}