{
  "config": {
    "run_name": "exp1_1_L2_K32",
    "out_dir": "./results",
    "seed": 1193820152,
    "device": null,
    "bs_train": 50,
    "bs_test": 12,
    "batches": 10,
    "epochs": 100,
    "early_stopping": 5,
    "checkpoints": null,
    "lr": 0.001,
    "reg": 0.001,
    "filters_per_layer": [
      32
    ],
    "pool_every": 4,
    "hidden_dims": [
      100
    ],
    "model_type": "cnn",
    "kw": {},
    "layers_per_block": 2
  },
  "results": {
    "num_epochs": 0,
    "train_loss": [
      1.4717174359679221,
      1.2009423864483832,
      1.1063739712774754,
      1.0437820255190133,
      0.9960616111010313,
      0.9606106312245131,
      0.9367900836199522,
      0.9148958331525325,
      0.8915388024181128,
      0.8772611462593078,
      0.8620907983899117
    ],
    "train_acc": [
      47.43,
      57.232,
      61.022,
      63.332,
      65.048,
      66.452,
      67.31,
      67.834,
      68.678,
      69.24,
      69.758
    ],
    "test_loss": [
      1.3102475642561913,
      1.1152577705681324,
      1.1084187646508217,
      1.0902462519109248,
      1.0466590729653835,
      1.0393009755313396,
      1.0400771407186986,
      1.0852578928768635,
      1.073253369525075,
      1.0928166088014841,
      1.0949231278598308
    ],
    "test_acc": [
      53.22,
      60.99,
      60.63,
      61.53,
      63.03,
      63.4,
      63.4,
      62.56,
      63.15,
      63.04,
      63.17
    ]
  }
}