{
  "config": {
    "run_name": "exp1_2_L8_K64",
    "out_dir": "./results",
    "seed": 472198636,
    "device": null,
    "bs_train": 50,
    "bs_test": 12,
    "batches": 10,
    "epochs": 100,
    "early_stopping": 5,
    "checkpoints": null,
    "lr": 0.001,
    "reg": 0.001,
    "filters_per_layer": [
      64
    ],
    "pool_every": 4,
    "hidden_dims": [
      100
    ],
    "model_type": "cnn",
    "kw": {},
    "layers_per_block": 8
  },
  "results": {
    "num_epochs": 0,
    "train_loss": [
      2.7224075911283494,
      1.4986094258725644,
      1.25699435095191,
      1.1052358205020427,
      0.9972923824042081,
      0.9189588178873063,
      0.866816271096468,
      0.8300760833397508,
      0.7982591758459806,
      0.7760328689992427,
      0.7533256808519363,
      0.7381284935481847
    ],
    "train_acc": [
      27.94,
      45.588,
      54.99,
      60.694,
      64.508,
      67.466,
      69.34,
      70.704,
      72.03,
      72.918,
      73.55,
      74.088
    ],
    "test_loss": [
      1.617265950381756,
      1.3044587688446045,
      1.1516743012666701,
      1.07256689324975,
      0.9528823645710945,
      0.9080777760148049,
      0.9073748272210359,
      0.9485742330104112,
      1.0136389027684927,
      1.050948012575507,
      0.9642297382503748,
      0.9893149362951517
    ],
    "test_acc": [
      40.72,
      51.65,
      58.22,
      61.08,
      66.52,
      68.05,
      68.2,
      67.16,
      65.49,
      64.48,
      67.31,
      66.24
    ]
  }
}