{
  "config": {
    "run_name": "exp1_4_L8_K64-128-256",
    "out_dir": "./results",
    "seed": 551040142,
    "device": null,
    "bs_train": 50,
    "bs_test": 12,
    "batches": 10,
    "epochs": 100,
    "early_stopping": 5,
    "checkpoints": null,
    "lr": 0.001,
    "reg": 0.001,
    "filters_per_layer": [
      64,
      128,
      256
    ],
    "pool_every": 4,
    "hidden_dims": [
      100
    ],
    "model_type": "resnet",
    "kw": {},
    "layers_per_block": 6
  },
  "results": {
    "num_epochs": 0,
    "train_loss": [
      9.38043135676384,
      121.51735652140378,
      1.5920983088493348,
      3.3565607857227326,
      1.441318465745449,
      2.9141866087794304,
      1.5334763737976551,
      6.086433413982391,
      20.380054959195853,
      1.146976617872715,
      52.132279918158055,
      1.122619985845685,
      1.5499744283258914,
      5445.7237671888115,
      12.041230647021532,
      1.5047981977760791,
      326.5858972522169,
      6.5797397505700586,
      1.2572068868488073,
      1187.5626582264601,
      2.896012342166901,
      32.40192342594266,
      0.9760743552356959,
      1.5479276056557894,
      4.715958952517807,
      1.7221360445350409,
      0.9656066061764955,
      2.6398669803872705,
      17.47642623747438,
      27.263059286510945,
      27.61494581835866
    ],
    "train_acc": [
      24.236,
      35.058,
      41.08,
      44.414,
      48.326,
      47.84,
      52.668,
      53.968,
      54.85,
      59.514,
      54.716,
      61.618,
      59.304,
      41.804,
      60.934,
      62.382,
      55.694,
      59.312,
      65.13,
      47.47,
      63.846,
      63.86,
      67.276,
      64.75,
      64.256,
      68.292,
      68.586,
      66.032,
      65.576,
      67.754,
      68.052
    ],
    "test_loss": [
      1.8173461093902588,
      1.6698860297203064,
      1.5715618656277657,
      1.4596061576008796,
      1.3775329519510269,
      1.7350017265081406,
      1.2205142589211464,
      1.1891267086863517,
      1.1724382752776146,
      1.0796959786117077,
      1.0702569493949414,
      1.1176447553038598,
      1.0435163849145175,
      1.2221140963733197,
      1.086570089444518,
      1.0125694664269687,
      1.022697188913822,
      0.9863263564109802,
      0.9629469591826201,
      1.021556603461504,
      1.1382962602227926,
      0.9951194489896298,
      0.931897194519639,
      0.9792665172219276,
      1.974565927386284,
      0.9044910201430321,
      0.9013461690023541,
      4.435001928687096,
      0.9374265932440757,
      0.9289868961274624,
      0.9199253787249326
    ],
    "test_acc": [
      31.53,
      36.08,
      41.54,
      46.8,
      49.83,
      34.97,
      55.58,
      57.1,
      57.71,
      60.93,
      61.97,
      60.72,
      62.61,
      55.78,
      61.17,
      63.82,
      63.43,
      64.83,
      65.57,
      63.74,
      60.0,
      64.44,
      66.58,
      65.41,
      30.17,
      68.09,
      67.93,
      30.84,
      67.13,
      66.71,
      67.51
    ]
  }
}