{
  "config": {
    "run_name": "exp1_1_L4_K32",
    "out_dir": "./results",
    "seed": 1621132842,
    "device": null,
    "bs_train": 50,
    "bs_test": 12,
    "batches": 10,
    "epochs": 100,
    "early_stopping": 5,
    "checkpoints": null,
    "lr": 0.001,
    "reg": 0.001,
    "filters_per_layer": [
      32
    ],
    "pool_every": 4,
    "hidden_dims": [
      100
    ],
    "model_type": "cnn",
    "kw": {},
    "layers_per_block": 4
  },
  "results": {
    "num_epochs": 0,
    "train_loss": [
      1.5644991513609887,
      1.2127963223993778,
      1.065649246391654,
      0.9712330545604229,
      0.9051762430906296,
      0.8541099145010114,
      0.8135119794428348,
      0.7824293000012637,
      0.7552544721342623,
      0.7315483879938721,
      0.707778082215786,
      0.6896974358558655,
      0.6714760995142162,
      0.653177990899235,
      0.6415112336643041
    ],
    "train_acc": [
      43.2,
      56.556,
      61.93,
      65.61,
      68.024,
      69.958,
      71.38,
      72.532,
      73.51,
      74.57,
      75.412,
      75.99,
      76.602,
      77.478,
      77.724
    ],
    "test_loss": [
      1.278221886098385,
      1.1101469539999962,
      1.0164523716121912,
      0.9676785528510808,
      0.9466701533049345,
      0.9880929829552769,
      0.903692059263587,
      0.9184534755945206,
      0.9288267857134342,
      0.9192162071950734,
      0.9183206622451544,
      0.9417599500752986,
      0.9461605029925704,
      0.9769817292392254,
      0.9345538124069571
    ],
    "test_acc": [
      53.69,
      59.4,
      63.25,
      65.16,
      66.09,
      65.59,
      68.44,
      67.97,
      68.28,
      68.65,
      68.55,
      68.23,
      68.14,
      67.46,
      68.6
    ]
  }
}