{
  "config": {
    "run_name": "exp1_3_L1_K64-128-256",
    "out_dir": "./results",
    "seed": 2012986125,
    "device": null,
    "bs_train": 50,
    "bs_test": 12,
    "batches": 10,
    "epochs": 10,
    "early_stopping": 5,
    "checkpoints": null,
    "lr": 0.001,
    "reg": 0.001,
    "filters_per_layer": [
      64,
      128,
      256
    ],
    "pool_every": 4,
    "hidden_dims": [
      100
    ],
    "model_type": "cnn",
    "kw": {},
    "layers_per_block": 1
  },
  "results": {
    "num_epochs": 0,
    "train_loss": [
      2.1350736572146416,
      1.2384403456926345,
      1.0928902993679046,
      1.0430374356389045,
      1.0132307568311691,
      0.9848559162557126,
      1.0255707902491094,
      0.9411271118611098,
      0.9306695337548851,
      0.9054574778437614
    ],
    "train_acc": [
      43.26,
      56.834,
      61.27,
      63.294,
      64.436,
      65.596,
      66.31,
      67.106,
      67.452,
      68.316
    ],
    "test_loss": [
      1.6061300914287566,
      1.142636037528515,
      1.1363586941957473,
      1.1664712598919869,
      1.0878830097317695,
      1.109482312247157,
      1.0251967861950397,
      0.9962258821129799,
      1.0093853625506162,
      1.0119419366568327
    ],
    "test_acc": [
      41.46,
      58.8,
      59.32,
      58.25,
      61.65,
      60.71,
      63.5,
      64.75,
      64.55,
      64.84
    ]
  }
}