{
  "config": {
    "run_name": "exp1_1_L2_K64",
    "out_dir": "./results",
    "seed": 539712922,
    "device": null,
    "bs_train": 50,
    "bs_test": 12,
    "batches": 10,
    "epochs": 100,
    "early_stopping": 5,
    "checkpoints": null,
    "lr": 0.001,
    "reg": 0.001,
    "filters_per_layer": [
      64
    ],
    "pool_every": 4,
    "hidden_dims": [
      100
    ],
    "model_type": "cnn",
    "kw": {},
    "layers_per_block": 2
  },
  "results": {
    "num_epochs": 0,
    "train_loss": [
      1.5268182772278787,
      1.1883202597081661,
      1.0955151791870594,
      1.049106499800086,
      1.0153495860248805,
      0.9826301425725221,
      0.9608424901068211,
      0.9413555971860885,
      0.9215842867404223,
      0.9085119526594877
    ],
    "train_acc": [
      46.98,
      57.912,
      61.396,
      63.192,
      64.544,
      65.552,
      66.06,
      66.884,
      67.666,
      67.974
    ],
    "test_loss": [
      1.244250863134861,
      1.130733610868454,
      1.0747224176824093,
      1.0773970232605934,
      1.0536013645231723,
      1.0793337171077728,
      1.0622892982065677,
      1.2838641793131829,
      1.1052274075299502,
      1.119118858680129
    ],
    "test_acc": [
      56.0,
      59.98,
      62.43,
      62.07,
      63.52,
      62.01,
      62.65,
      55.65,
      61.45,
      60.9
    ]
  }
}