{
  "config": {
    "run_name": "exp1_4_L8_K32",
    "out_dir": "./results",
    "seed": 592952988,
    "device": null,
    "bs_train": 50,
    "bs_test": 12,
    "batches": 10,
    "epochs": 100,
    "early_stopping": 5,
    "checkpoints": null,
    "lr": 0.001,
    "reg": 0.001,
    "filters_per_layer": [
      32
    ],
    "pool_every": 8,
    "hidden_dims": [
      100
    ],
    "model_type": "resnet",
    "kw": {},
    "layers_per_block": 8
  },
  "results": {
    "num_epochs": 0,
    "train_loss": [
      1.6844945157647133,
      1.517950844502449,
      1.450062379670143,
      1.4278134728372096,
      1.4045872916460038,
      1.3781294802606106,
      1.3651703768074512,
      1.3852431888341903,
      1.3514385556459427,
      1.3405790523827077,
      1.344621389967203,
      1.33609495575428,
      1.335167807984352
    ],
    "train_acc": [
      40.366,
      46.578,
      48.614,
      49.78,
      50.688,
      51.302,
      51.73,
      52.08,
      52.354,
      52.738,
      52.93,
      53.204,
      53.264
    ],
    "test_loss": [
      1.502490994513035,
      1.4337586945295333,
      1.3978713303208352,
      1.377275012731552,
      1.3655755593776704,
      1.3554800844192505,
      1.3477454829216002,
      1.3436900947093964,
      1.33838514649868,
      1.3383122048377991,
      1.3357170561552048,
      1.3369540148973464,
      1.341789982020855
    ],
    "test_acc": [
      46.82,
      49.11,
      50.61,
      51.11,
      51.62,
      51.78,
      52.16,
      52.52,
      52.39,
      52.49,
      52.5,
      52.45,
      52.41
    ]
  }
}