{
  "config": {
    "run_name": "exp1_4_L4_K64-128-256",
    "out_dir": "./results",
    "seed": 674106964,
    "device": null,
    "bs_train": 50,
    "bs_test": 12,
    "batches": 10,
    "epochs": 100,
    "early_stopping": 5,
    "checkpoints": null,
    "lr": 0.001,
    "reg": 0.001,
    "filters_per_layer": [
      64,
      128,
      256
    ],
    "pool_every": 4,
    "hidden_dims": [
      100
    ],
    "model_type": "resnet",
    "kw": {},
    "layers_per_block": 4
  },
  "results": {
    "num_epochs": 0,
    "train_loss": [
      25.41707599232197,
      2.070657306969166,
      2.6269236839532852,
      1.609418741005659,
      1.9354719544947148,
      1.3424605035543442,
      2.390400316607952,
      1.1852648022472858,
      7.998102767017484,
      4.6320528015375135,
      1.7099596186578274,
      1.8385927932560444,
      2.874011202800274,
      0.9497396993100643,
      33.753400493964556,
      1.302232282692194,
      1.0761848635673523,
      4.369250371067226,
      11.399340886309743,
      1.148627068848908,
      3.5367164028078317,
      1.9456694857522845,
      1.3607400467529893,
      0.9360388743713498,
      1.7342237627357244,
      2.6797615199327467,
      52.990487529717385,
      1.2341735746264457,
      0.9063544390410185,
      3.487167285129428,
      1.0210327221125364,
      1.22219996612221,
      1.187944909800589,
      1.5017529197715223,
      6.485132423825562,
      0.8866035050980747,
      1.069511931797117,
      0.9399285446513445,
      1.9563250024452805,
      2.4238507803939284,
      0.9038826245814562,
      1.1313374037697912,
      0.7647707236513496,
      1.9550869364604353,
      1.820889808253944,
      1.0706642588458954,
      2.560970388931036,
      4.378004728066921,
      1.4678570408567786,
      9.574994987225532
    ],
    "train_acc": [
      25.582,
      37.064,
      46.466,
      51.046,
      52.824,
      57.856,
      58.6,
      61.656,
      58.914,
      62.086,
      62.764,
      64.806,
      64.362,
      67.522,
      64.312,
      62.236,
      67.436,
      67.236,
      62.766,
      64.072,
      67.798,
      68.7,
      68.972,
      70.876,
      71.194,
      69.694,
      69.988,
      70.316,
      72.522,
      70.6,
      71.168,
      70.732,
      70.792,
      73.186,
      70.756,
      73.79,
      71.282,
      74.36,
      71.914,
      73.34,
      74.092,
      73.586,
      74.748,
      71.926,
      66.888,
      73.774,
      73.472,
      74.462,
      73.664,
      67.776
    ],
    "test_loss": [
      2.312152044057846,
      1.4615744253396987,
      1.5586054332256316,
      1.2835534252524377,
      1.3192380160093307,
      1.1030080440938472,
      1.2196758984029292,
      1.0513829024583101,
      1.0511940551102161,
      1.0638945569396019,
      1.1074577660262586,
      0.9737283040434123,
      1.2020607871711255,
      0.97120681206882,
      0.9044654746353626,
      0.9113738239854574,
      0.8982914229184389,
      0.923670542627573,
      1.919626268863678,
      0.8927245388627052,
      0.9439229910820722,
      0.9103388764560223,
      0.8696789949983358,
      0.8350700308308006,
      0.8300666282176972,
      59.53970096969604,
      2.7833973813056945,
      0.8398346931114793,
      0.8364663384631276,
      0.8351936314329504,
      0.832012401714921,
      0.9353754142224788,
      0.8263746412992478,
      0.8794444249719381,
      0.9129537458717824,
      1.1416076623499394,
      0.8413778990283608,
      0.8121978477612137,
      0.8019203150421381,
      1.0201640200316906,
      0.8130339356511831,
      0.8153834076598286,
      0.8094060676321387,
      0.8819033328443766,
      0.7889601700082421,
      0.8234979536235333,
      0.8500093025267124,
      0.8474424476996064,
      0.8467719239592553,
      0.8794477854073047
    ],
    "test_acc": [
      10.44,
      46.01,
      46.19,
      53.78,
      52.81,
      60.21,
      56.07,
      62.51,
      62.51,
      62.23,
      60.3,
      65.1,
      58.37,
      65.81,
      67.99,
      68.15,
      68.02,
      67.74,
      29.18,
      68.79,
      66.92,
      68.05,
      69.38,
      70.44,
      70.6,
      10.34,
      13.53,
      70.39,
      71.04,
      70.91,
      71.11,
      67.74,
      71.32,
      69.4,
      69.01,
      61.69,
      70.78,
      71.55,
      72.25,
      63.58,
      72.17,
      72.15,
      72.51,
      68.97,
      72.67,
      71.65,
      71.16,
      71.33,
      70.67,
      70.42
    ]
  }
}