{
  "config": {
    "run_name": "exp1_3_L3_K64-128-256",
    "out_dir": "./results",
    "seed": 703610238,
    "device": null,
    "bs_train": 50,
    "bs_test": 12,
    "batches": 10,
    "epochs": 100,
    "early_stopping": 5,
    "checkpoints": null,
    "lr": 0.001,
    "reg": 0.001,
    "filters_per_layer": [
      64,
      128,
      256
    ],
    "pool_every": 4,
    "hidden_dims": [
      100
    ],
    "model_type": "cnn",
    "kw": {},
    "layers_per_block": 3
  },
  "results": {
    "num_epochs": 0,
    "train_loss": [
      95.6365067662239,
      1.9625361122727394,
      20.213886381810905,
      258.6863469418108,
      5.336959936797619,
      400.0097834959865,
      31.88607734874487,
      2.285971323174238,
      2.259704075187445,
      88.1065391990006,
      3.8138017121970655,
      87.93348556281329,
      2.4523719522714615,
      9.963607526701688,
      2.0343170364424585,
      1.4090453077375888,
      2.056949761632085,
      117.65849260964394,
      56.57090475967377,
      51.18576689411849,
      1.2396376022085547,
      5.004953463493288,
      8.999622336374223,
      4.102319647467136,
      3.451389251330495,
      2.918863150262833,
      6.723214246758818,
      1.3164256531938912,
      54.59336444371939,
      62.80407247802615,
      5.956446594022214
    ],
    "train_acc": [
      20.232,
      39.522,
      44.608,
      47.444,
      50.11,
      48.72,
      54.08,
      56.246,
      59.846,
      55.562,
      60.326,
      58.424,
      58.614,
      62.412,
      64.054,
      66.038,
      64.032,
      62.434,
      64.89,
      60.45,
      68.05,
      66.732,
      60.926,
      68.012,
      67.248,
      64.684,
      61.198,
      63.468,
      57.736,
      65.288,
      68.292
    ],
    "test_loss": [
      1.7820716559886933,
      1.5070248109698297,
      1.4932244339585303,
      1.3254518903791905,
      1.2646286314129829,
      1.2104610181450843,
      1.2255301825404168,
      1.1112577590346335,
      1.086953278273344,
      1.0730164000689983,
      1.1467816346883775,
      1.6276831337809563,
      1.0394976634979247,
      0.9943184824287892,
      1.0217758218348025,
      0.9866325529366732,
      0.9910950057655573,
      1.0013565562963487,
      1.008733650252223,
      0.9785523514747619,
      0.9471336803436279,
      1.0037746323645116,
      0.9685140789449215,
      0.9536480309814215,
      0.9443697737902403,
      0.9151955253630877,
      2.140461094856262,
      0.9328747740760446,
      0.9189192843958736,
      0.93333959069103,
      1.1690597226023673
    ],
    "test_acc": [
      34.87,
      46.01,
      45.65,
      51.61,
      54.8,
      56.42,
      56.79,
      60.29,
      61.88,
      61.62,
      60.09,
      42.8,
      63.62,
      64.88,
      63.8,
      65.55,
      65.62,
      65.28,
      65.06,
      65.66,
      67.06,
      65.26,
      66.87,
      66.87,
      67.36,
      68.35,
      21.47,
      67.99,
      67.96,
      67.76,
      62.57
    ]
  }
}