{
  "config": {
    "run_name": "exp1_3_L4_K64-128-256",
    "out_dir": "./results",
    "seed": 1089136881,
    "device": null,
    "bs_train": 50,
    "bs_test": 12,
    "batches": 10,
    "epochs": 100,
    "early_stopping": 5,
    "checkpoints": null,
    "lr": 0.001,
    "reg": 0.001,
    "filters_per_layer": [
      64,
      128,
      256
    ],
    "pool_every": 4,
    "hidden_dims": [
      100
    ],
    "model_type": "cnn",
    "kw": {},
    "layers_per_block": 4
  },
  "results": {
    "num_epochs": 0,
    "train_loss": [
      149.4940976284504,
      18.35770975689888,
      76.2902398533821,
      7.127072206497193,
      241.8866017066002,
      419.2494937096834,
      35.335214302539825,
      2051.2211067124845,
      15.080690600299835,
      64.11128522984981
    ],
    "train_acc": [
      10.046,
      10.128,
      10.294,
      9.724,
      9.82,
      10.388,
      9.77,
      9.92,
      9.926,
      15.576
    ],
    "test_loss": [
      2.3029991767406464,
      2.303007641553879,
      2.303373753070831,
      2.304397641658783,
      2.3061420814991,
      2.303349870920181,
      2.3034690680503846,
      2.3030485444068907,
      2.3030901465415954,
      2.312133948802948
    ],
    "test_acc": [
      10.0,
      10.0,
      10.0,
      10.0,
      11.01,
      10.0,
      10.0,
      10.0,
      10.0,
      10.02
    ]
  }
}