{
  "config": {
    "run_name": "exp1_2_L4_K64",
    "out_dir": "./results",
    "seed": 1507230136,
    "device": null,
    "bs_train": 50,
    "bs_test": 12,
    "batches": 10,
    "epochs": 100,
    "early_stopping": 5,
    "checkpoints": null,
    "lr": 0.001,
    "reg": 0.001,
    "filters_per_layer": [
      64
    ],
    "pool_every": 4,
    "hidden_dims": [
      100
    ],
    "model_type": "cnn",
    "kw": {},
    "layers_per_block": 4
  },
  "results": {
    "num_epochs": 0,
    "train_loss": [
      1.5771257024526597,
      1.1434499499857427,
      1.0157602144360542,
      0.9439872545391321,
      0.895397147744894,
      0.8554583889365196,
      0.821158346863091,
      0.7946641415044665,
      0.7676823165670037,
      0.7455139577060937,
      0.724432795510441,
      0.7077655965387821,
      0.6939991744369268,
      0.6781798397541046,
      0.6672329567022621
    ],
    "train_acc": [
      44.316,
      59.142,
      63.808,
      66.41,
      68.286,
      69.918,
      71.092,
      72.098,
      73.084,
      73.882,
      74.822,
      75.224,
      75.698,
      76.242,
      76.766
    ],
    "test_loss": [
      1.2747020137906075,
      1.0941055316329003,
      1.083095057040453,
      0.969999268129468,
      0.9091829035878182,
      0.8729800645411014,
      1.0828098532035946,
      0.8885296864807606,
      0.880377470575273,
      0.8628095559924841,
      1.0881083306074142,
      0.8899730441272259,
      0.9046573016941547,
      0.9171683147847652,
      0.9866735327094793
    ],
    "test_acc": [
      53.89,
      60.88,
      62.22,
      65.86,
      68.42,
      69.11,
      63.78,
      68.93,
      69.42,
      70.38,
      64.51,
      69.53,
      69.96,
      69.4,
      68.6
    ]
  }
}