{
  "config": {
    "run_name": "exp1_1_L8_K64",
    "out_dir": "./results",
    "seed": 1350289663,
    "device": null,
    "bs_train": 50,
    "bs_test": 12,
    "batches": 10,
    "epochs": 100,
    "early_stopping": 5,
    "checkpoints": null,
    "lr": 0.001,
    "reg": 0.001,
    "filters_per_layer": [
      64
    ],
    "pool_every": 4,
    "hidden_dims": [
      100
    ],
    "model_type": "cnn",
    "kw": {},
    "layers_per_block": 8
  },
  "results": {
    "num_epochs": 0,
    "train_loss": [
      2.328516692471504,
      2.0360395003914835,
      1.7465566984295846,
      1.5226717687547207,
      1.3530316866993903,
      1.212724799901247,
      1.107635220694542,
      1.0352454972475766,
      0.9814958499163389,
      0.9450650016576052,
      0.9183283753991127,
      0.8915334106102586,
      0.8722791036173702,
      0.8533999781340361,
      0.8374948904410005,
      0.8208557945683599,
      0.8105696490988136,
      0.7975701319247485,
      0.7837486031055451,
      0.7716860361360014,
      0.764543614629656,
      0.757312766417116,
      0.749957817915827,
      0.7407593833919615,
      0.7428384478695691,
      0.7295175792109221
    ],
    "train_acc": [
      10.1,
      25.144,
      36.368,
      44.842,
      51.426,
      56.728,
      60.514,
      63.034,
      65.24,
      66.57,
      67.448,
      68.47,
      69.358,
      69.994,
      70.592,
      71.13,
      71.504,
      71.916,
      72.63,
      73.012,
      73.236,
      73.514,
      73.754,
      74.282,
      74.35,
      74.564
    ],
    "test_loss": [
      2.236440665721893,
      1.8487488545179367,
      1.5465539432168007,
      1.404531637430191,
      1.2463825396597386,
      1.1689528926312924,
      1.0472178448438645,
      1.0120788662582636,
      0.9863623252362013,
      1.0049693287163972,
      1.0212436669766902,
      0.9834876797050238,
      0.9678926613330842,
      0.9721669951230287,
      0.9741815244778991,
      0.9849667483866215,
      0.9556597952991724,
      0.9928125209659338,
      0.9503929034471512,
      0.9852884988486766,
      0.9588802580684423,
      0.9806292175650596,
      0.9767933754622936,
      0.9987025438547135,
      1.1201853077411652,
      1.029994733840227
    ],
    "test_acc": [
      20.2,
      33.13,
      43.9,
      48.8,
      55.01,
      58.18,
      62.72,
      63.53,
      64.32,
      64.83,
      64.08,
      65.49,
      65.95,
      66.73,
      66.25,
      65.84,
      66.53,
      66.11,
      67.2,
      66.64,
      67.41,
      67.26,
      66.69,
      66.32,
      62.79,
      66.01
    ]
  }
}