{
  "config": {
    "run_name": "exp1_1_L16_K32",
    "out_dir": "./results",
    "seed": 1041129375,
    "device": null,
    "bs_train": 50,
    "bs_test": 12,
    "batches": 10,
    "epochs": 100,
    "early_stopping": 5,
    "checkpoints": null,
    "lr": 0.001,
    "reg": 0.001,
    "filters_per_layer": [
      32
    ],
    "pool_every": 4,
    "hidden_dims": [
      100
    ],
    "model_type": "cnn",
    "kw": {},
    "layers_per_block": 16
  },
  "results": {
    "num_epochs": 0,
    "train_loss": [
      2.303419695663452,
      2.303022768163681,
      2.3030658269882203,
      2.303066255044937,
      2.3030742443084717,
      2.3030686259269713
    ],
    "train_acc": [
      9.77,
      9.664,
      9.656,
      9.564,
      9.646,
      9.526
    ],
    "test_loss": [
      2.302897424221039,
      2.3028883168697356,
      2.3030952739715578,
      2.3029179615974424,
      2.3028564274311067,
      2.303285189628601
    ],
    "test_acc": [
      10.0,
      10.0,
      10.0,
      10.0,
      10.0,
      10.0
    ]
  }
}