{
  "config": {
    "run_name": "exp2_L6_K32-64-128",
    "out_dir": "./results",
    "seed": 1820247009,
    "device": null,
    "bs_train": 50,
    "bs_test": 12,
    "batches": 10,
    "epochs": 100,
    "early_stopping": 5,
    "checkpoints": null,
    "lr": 0.001,
    "reg": 0.001,
    "filters_per_layer": [
      32,
      64,
      128
    ],
    "pool_every": 12,
    "hidden_dims": [
      100
    ],
    "model_type": "ycn",
    "kw": {},
    "layers_per_block": 6
  },
  "results": {
    "num_epochs": 0,
    "train_loss": [
      1.8612753297686577,
      1.3963842307806016,
      1.1957869126975536,
      1.0754287600308656,
      1.0081239464402199,
      0.9677665581375361,
      0.93918151088655,
      0.9154120459645987,
      0.8967078106969595,
      0.883500067359209,
      0.8728134557709097,
      0.8617468327760697,
      0.8547142486095428,
      0.8457754303187132,
      0.8382531343728304,
      0.8316653035163879,
      0.8275601977780461,
      0.8230798993296922,
      0.8193349483996629,
      0.8147110332638026,
      0.8092031641080976,
      0.8086479614309967
    ],
    "train_acc": [
      32.606,
      49.31,
      56.76,
      61.612,
      63.936,
      65.41,
      66.394,
      67.548,
      68.17,
      68.658,
      69.102,
      69.74,
      69.796,
      70.252,
      70.438,
      70.626,
      70.93,
      70.982,
      71.29,
      71.284,
      71.536,
      71.546
    ],
    "test_loss": [
      1.6117600935101508,
      1.2878669962286948,
      1.1823640775978566,
      1.0999749709963798,
      1.0926815462112427,
      1.0552813261449336,
      1.0094985368400813,
      1.0006875420212746,
      0.9557806871384382,
      1.02933467695117,
      0.9628353464603424,
      0.9728320273607969,
      0.975220917582512,
      0.9559634074568748,
      0.9420953270047903,
      0.9291844781339168,
      0.9287122911214829,
      0.961059485271573,
      0.9538867293298244,
      0.9724603178650141,
      0.9413944156318903,
      0.9818836363106966
    ],
    "test_acc": [
      41.94,
      52.55,
      57.02,
      60.63,
      60.8,
      62.49,
      64.23,
      64.72,
      65.99,
      63.91,
      66.0,
      65.97,
      66.39,
      66.5,
      66.77,
      67.12,
      67.39,
      66.53,
      66.51,
      66.12,
      67.25,
      65.69
    ]
  }
}