{
  "config": {
    "run_name": "exp2_L9_K32-64-128",
    "out_dir": "./results",
    "seed": 134113436,
    "device": null,
    "bs_train": 50,
    "bs_test": 12,
    "batches": 10,
    "epochs": 100,
    "early_stopping": 5,
    "checkpoints": null,
    "lr": 0.001,
    "reg": 0.001,
    "filters_per_layer": [
      32,
      64,
      128
    ],
    "pool_every": 12,
    "hidden_dims": [
      100
    ],
    "model_type": "ycn",
    "kw": {},
    "layers_per_block": 9
  },
  "results": {
    "num_epochs": 0,
    "train_loss": [
      2.0397190326452255,
      1.5201559636831283,
      1.294703391098976,
      1.1683738562703132,
      1.0896873231947422,
      1.0343817084342242,
      0.9973600513070822,
      0.9671714897900819,
      0.9429282055586576,
      0.9216872028529643,
      0.9062779428869486,
      0.8871574520662427,
      0.8762472277030349,
      0.8634353860467673,
      0.85345517603755,
      0.8444240679740905,
      0.8333880198940635,
      0.8236686627104879,
      0.8160786753594875
    ],
    "train_acc": [
      25.424,
      44.382,
      53.376,
      58.284,
      61.2,
      63.116,
      64.592,
      65.712,
      66.582,
      67.442,
      68.124,
      68.774,
      69.15,
      69.498,
      69.972,
      70.432,
      70.676,
      71.102,
      71.348
    ],
    "test_loss": [
      1.86542766726017,
      1.4337338155508041,
      1.190526497453451,
      1.1587951095700264,
      1.100617201834917,
      1.0686454124450684,
      1.0323220051229,
      0.969086358115077,
      1.0097917200028896,
      0.9508552066162228,
      0.950396624058485,
      0.9902302944362164,
      0.8997696733921766,
      0.898789825424552,
      0.9216823254823685,
      0.9056131450012326,
      0.8934669460952281,
      0.905816092312336,
      0.9165186381489039
    ],
    "test_acc": [
      32.87,
      47.72,
      56.88,
      58.36,
      60.34,
      61.49,
      63.11,
      65.63,
      64.48,
      66.36,
      66.41,
      64.98,
      68.27,
      68.28,
      67.6,
      68.05,
      67.94,
      68.27,
      67.94
    ]
  }
}