{
  "config": {
    "run_name": "exp2_L12_K32-64-128",
    "out_dir": "./results",
    "seed": 395142525,
    "device": null,
    "bs_train": 50,
    "bs_test": 12,
    "batches": 10,
    "epochs": 100,
    "early_stopping": 5,
    "checkpoints": null,
    "lr": 0.001,
    "reg": 0.001,
    "filters_per_layer": [
      32,
      64,
      128
    ],
    "pool_every": 12,
    "hidden_dims": [
      100
    ],
    "model_type": "ycn",
    "kw": {},
    "layers_per_block": 12
  },
  "results": {
    "num_epochs": 0,
    "train_loss": [
      1.9943774557232856,
      1.5494737103581429,
      1.382642480647564,
      1.2634424247622489,
      1.1807562801361084,
      1.1238854539334775,
      1.082797743293643,
      1.0566681087493897,
      1.0331886829704047,
      1.0135511665195227,
      0.9938199439406395,
      0.9819549230337143,
      0.9723019711986184,
      0.9575934471935034,
      0.9521469705834985,
      0.9465953938990831,
      0.9357497045964003
    ],
    "train_acc": [
      28.556,
      43.12,
      49.922,
      54.59,
      57.636,
      59.748,
      61.46,
      62.314,
      63.32,
      64.064,
      64.696,
      64.892,
      65.328,
      65.894,
      66.202,
      66.19,
      66.676
    ],
    "test_loss": [
      1.6742595164775849,
      1.422289921104908,
      1.453988635480404,
      1.2263257694244385,
      1.1880924512147903,
      1.1672270335257053,
      1.110629832416773,
      1.0918900772482156,
      1.0100886961966753,
      1.0230893236994743,
      1.0129868215620517,
      0.9666003546565771,
      0.9778695269078016,
      0.9829211880415678,
      1.0490407353788613,
      0.963803531371057,
      1.0057291259914636
    ],
    "test_acc": [
      37.72,
      47.98,
      46.93,
      55.75,
      56.97,
      58.24,
      60.04,
      61.1,
      64.1,
      63.53,
      63.91,
      66.07,
      65.53,
      65.23,
      62.05,
      65.37,
      64.57
    ]
  }
}