{
  "config": {
    "run_name": "exp2_L3_K32-64-128",
    "out_dir": "./results",
    "seed": 741288817,
    "device": null,
    "bs_train": 50,
    "bs_test": 12,
    "batches": 10,
    "epochs": 100,
    "early_stopping": 5,
    "checkpoints": null,
    "lr": 0.001,
    "reg": 0.001,
    "filters_per_layer": [
      32,
      64,
      128
    ],
    "pool_every": 12,
    "hidden_dims": [
      100
    ],
    "model_type": "ycn",
    "kw": {},
    "layers_per_block": 3
  },
  "results": {
    "num_epochs": 0,
    "train_loss": [
      1.9879531229257583,
      1.4161345786213875,
      1.2054595979213714,
      1.0884673906266689,
      1.0240961545675993,
      0.985056040084362,
      0.9584603420048952,
      0.9303504734694957,
      0.9094530132144689,
      0.8934338652729988,
      0.8777461393296718,
      0.8622982076227665,
      0.8523772560030222,
      0.8421962035894394,
      0.8292885604038834,
      0.8186103689059615,
      0.8073069257020951,
      0.7985367249406874
    ],
    "train_acc": [
      31.67,
      48.758,
      56.92,
      61.18,
      63.336,
      64.992,
      66.09,
      67.124,
      67.984,
      68.332,
      69.05,
      69.72,
      69.894,
      70.33,
      70.732,
      71.244,
      71.56,
      71.922
    ],
    "test_loss": [
      1.487182095170021,
      1.250429893195629,
      1.1720949450731277,
      1.099598032951355,
      1.0686743535846472,
      0.990516791895032,
      0.994252255409956,
      0.9558610209226608,
      0.9852096887230873,
      1.0137627860605716,
      0.9121087939217687,
      0.9079325319454074,
      0.8854137053191662,
      0.9417340043187141,
      0.9545864067971707,
      0.9761230336129665,
      0.9831343940347433,
      0.9090404799878598
    ],
    "test_acc": [
      46.59,
      54.25,
      58.32,
      61.03,
      61.52,
      65.03,
      65.12,
      66.45,
      65.47,
      64.76,
      68.15,
      68.35,
      69.16,
      67.53,
      67.51,
      66.77,
      66.86,
      68.52
    ]
  }
}